[
  /*Provide list of entities to process, 
  AXDBConnectionString is mandatory if EntityList is provided with Value blank
  Util will connect to database to retrieve entity views and dependencies
  */
  {
    "Key": "CompanyInfo",
    "Value": "CREATE VIEW dbo.CompanyInfo AS SELECT ACCOUNTANT_LT,       ACCOUNTINGPERSONNEL_JP,       ACCOUNTOFFICEREFNUM,       ACTIVITYCODE,       ADDRESSBOOKNAMES,       ADDRFORMAT,       BANK,       BANKACCTUSEDFOR1099,       BANKCENTRALBANKPURPOSECODE,       BANKCENTRALBANKPURPOSETEXT,       BRANCHID,       BUSINESSACTIVITY_SA,       BUSINESSACTIVITYDESC_SA,       BUSINESSCOMMENCEDDATE_JP,       BUSINESSINITIALCAPITAL_JP,       BUSINESSITEM_JP,       BUSINESSNUMBER_CA,       CERTIFIEDTAXACCOUNTANT_JP,       CNAE_BR,       COMBINEDFEDSTATEFILER,       COMPANYINITIALCAPITAL_FR,       COMPANYNAFCODE,       COMPANYREGCOMFR,       COMPANYREPRESENTATIVE_JP,       COMPANYTYPE_MX,       CONVERSIONDATE,       COREGNUM,       CUC_IT,       CURP_MX,       DASHBOARDIMAGETYPE,       DATAAREA,       DBA,       DECLARANTNAME_AE,       DVRID,       EEENABLEPERSONALDATAREADLOG,       EEENABLEROLECHANGELOG,       FICREDITORID_DK,       FILENUMBER_SA,       FISCALCODE_IT,       FOREIGNENTITYINDICATOR,       FSS_RU,       FSSACCOUNT_RU,       GIRO,       GIROCONTRACT,       GIROCONTRACTACCOUNT,       HEAD_LT,       IMPORTVATNUM,       IMPORTVATNUMBRANCHID,       INSTANCERELATIONTYPE,       INTRASTATCODE,       ISCONSOLIDATIONCOMPANY,       ISELIMINATIONCOMPANY,       ISSUINGSIGNATURE,       KNOWNAS,       LANGUAGEID,       LASTFILINGINDICATOR,       LEGACYINSTANCERELATIONTYPE,       LEGALFORMFR,       LEGALNATURE_IT,       LEGALREPRESENTATIVE_JP,       LEGALREPRESENTATIVECURP_MX,       LEGALREPRESENTATIVENAME_MX,       LEGALREPRESENTATIVERFC_MX,       LOCALIZATIONCOUNTRYREGIONCODE,       NAICS,       NAME,       NAMEALIAS,       NAMECONTROL,       ORGANIZATIONLEGALFORM_RU,       ORGID,       PACKMATERIALFEELICENSENUM,       PARTYNUMBER,       PAYMINSTRUCTION1,       PAYMINSTRUCTION2,       PAYMINSTRUCTION3,       PAYMINSTRUCTION4,       PAYMROUTINGDNB,       PAYMTRADERNUMBER,       PERSONINCHARGE_JP,       PFREGNUM_RU,       PLANNINGCOMPANY,       PRIMARYADDRESSLOCATION,       PRIMARYCONTACTEMAIL,       PRIMARYCONTACTFACEBOOK,       PRIMARYCONTACTFAX,       PRIMARYCONTACTLINKEDIN,       PRIMARYCONTACTPHONE,       PRIMARYCONTACTTELEX,       PRIMARYCONTACTTWITTER,       PRIMARYCONTACTURL,       PRINTCORRINVOICELABEL_DE,       PRINTCORRINVOICELABELEFFDATE_DE,       PRINTENTERPRISEREGISTER_NO,       PRINTINNKPPINADDRESS_RU,       PROFITMARGINSCHEME_AE,       RALIENCORPCOUNTRY,       RALIENCORPNAME,       REGNUM,       RESIDENT_W,       RFC_MX,       RFULLNAME,       SHIPPINGCALENDARID,       SIACODE,       SOFTWAREIDENTIFICATIONCODE_CA,       STATEINSCRIPTION_MX,       SUBORDINATECODE,       TAX1099REGNUM,       TAXABLEAGENCYNAME_AE,       TAXABLEAGENTNAME_AE,       TAXABLEPERSONNAME_AE,       TAXAUTHORITY_RU,       TAXGSTHSTACCOUNTID_CA,       TAXREGIMECODE_MX,       TAXREPRESENTATIVE,       TCC,       TEMPLATEFOLDER_W,       UPSNUM,       VALIDATE1099ONENTRY,       VATNUM,       VATNUMBRANCHID,       VATONCUSTOMERBEHALF_AE,       VATREFUND_AE FROM   DirPartyTable WHERE  INSTANCERELATIONTYPE = 9027"
  },
  {
    "Key": "DirOrganization",
    "Value": "CREATE VIEW dbo.DirOrganization AS SELECT ABC,       ADDRESSBOOKNAMES,       INSTANCERELATIONTYPE,       KNOWNAS,       LANGUAGEID,       LEGACYINSTANCERELATIONTYPE,       NAME,       NAMEALIAS,       NUMBEROFEMPLOYEES,       ORGNUMBER,       PARTYNUMBER,       PRIMARYADDRESSLOCATION,       PRIMARYCONTACTEMAIL,       PRIMARYCONTACTFACEBOOK,       PRIMARYCONTACTFAX,       PRIMARYCONTACTLINKEDIN,       PRIMARYCONTACTPHONE,       PRIMARYCONTACTTELEX,       PRIMARYCONTACTTWITTER,       PRIMARYCONTACTURL FROM   DirPartyTable WHERE  INSTANCERELATIONTYPE = 2077;"
  },
  {
    "Key": "DirPerson",
    "Value": "CREATE VIEW dbo.DirPerson AS SELECT ADDRESSBOOKNAMES,       ANNIVERSARYDAY,       ANNIVERSARYMONTH,       ANNIVERSARYYEAR,       BIRTHDAY,       BIRTHMONTH,       BIRTHYEAR,       CHILDRENNAMES,       COMMUNICATORSIGNIN,       GENDER,       HOBBIES,       INITIALS,       INSTANCERELATIONTYPE,       KNOWNAS,       LANGUAGEID,       LEGACYINSTANCERELATIONTYPE,       MARITALSTATUS,       NAME,       NAMEALIAS,       NAMESEQUENCE,       PARTYNUMBER,       PERSONALSUFFIX,       PERSONALTITLE,       PHONETICFIRSTNAME,       PHONETICLASTNAME,       PHONETICMIDDLENAME,       PRIMARYADDRESSLOCATION,       PRIMARYCONTACTEMAIL,       PRIMARYCONTACTFACEBOOK,       PRIMARYCONTACTFAX,       PRIMARYCONTACTLINKEDIN,       PRIMARYCONTACTPHONE,       PRIMARYCONTACTTELEX,       PRIMARYCONTACTTWITTER,       PRIMARYCONTACTURL,       PROFESSIONALSUFFIX,       PROFESSIONALTITLE FROM   DirPartyTable WHERE  INSTANCERELATIONTYPE = 13271;"
  },
  {
    "Key": "OMOperatingUnit",
    "Value": "CREATE VIEW dbo.OMOperatingUnit AS SELECT ADDRESSBOOKNAMES,       HCMWORKER,       INSTANCERELATIONTYPE,       KNOWNAS,       LANGUAGEID,       LEGACYINSTANCERELATIONTYPE,       NAME,       NAMEALIAS,       OMOPERATINGUNITNUMBER,       OMOPERATINGUNITTYPE,       PARTYNUMBER,       PRIMARYADDRESSLOCATION,       PRIMARYCONTACTEMAIL,       PRIMARYCONTACTFACEBOOK,       PRIMARYCONTACTFAX,       PRIMARYCONTACTLINKEDIN,       PRIMARYCONTACTPHONE,       PRIMARYCONTACTTELEX,       PRIMARYCONTACTTWITTER,       PRIMARYCONTACTURL FROM   DirPartyTable WHERE  INSTANCERELATIONTYPE = 8363;"
  },
  {
    "Key": "RLXBIRESERVEDQTYVIEW",
    "Value": ""
  },
  {
    "Key": "RLXBITransferOrdersView",
    "Value": ""
  },
  {
    "Key": "RLXBIInventTableView",
    "Value": ""
  }
]